PRODUCT,MES,CLIENTE,SCORE,roll0,roll30,roll60,roll90,roll120,roll150,roll180
VEHICULOS,8,GRAL,0,0.973297391,0.026629109,7.35E-05,0,0,0,0
VEHICULOS,8,GRAL,30,0.420662447,0.15504257,0.424294984,0,0,0,0
VEHICULOS,8,GRAL,60,0.169155479,0.127605118,0.108297699,0.593253267,0.001688437,0,0
VEHICULOS,8,GRAL,90,0.066396114,0.034035311,0.086550786,0.090739988,0.7222778,0,0
VEHICULOS,8,GRAL,120,0.026273947,0.054679521,0.008128037,0.141346987,0.042841447,0.726730061,0
VEHICULOS,8,GRAL,150,0.021250464,0,0,0.004798312,0.077040957,0.024100421,0.872809846
VEHICULOS,8,GRAL,180,0.009579152,0.001326159,0,0,0.013947439,0.017659343,0.957487907
VEHICULOS,8,A.<693,0,0.9359,0.0634,0.0008,0,0,0,0
VEHICULOS,8,A.<693,30,0.4857,0.0306,0.4837,0,0,0,0
VEHICULOS,8,A.<693,60,0.098,0.0865,0,0.8155,0,0,0
VEHICULOS,8,A.<693,90,0,0.0007,0.078,0.0707,0.8507,0,0
VEHICULOS,8,A.<693,120,0.0185,0.1301,0,0.0892,0.0402,0.7221,0
VEHICULOS,8,A.<693,150,0,0,0,0.0325,0,0.1193,0.8482
VEHICULOS,8,A.<693,180,0,0,0,0,0,0.0983,0.9017
VEHICULOS,8,B.693-802,0,0.9742,0.0258,0,0,0,0,0
VEHICULOS,8,B.693-802,30,0.5191,0.1705,0.3104,0,0,0,0
VEHICULOS,8,B.693-802,60,0.1371,0.204,0.0771,0.5817,0,0,0
VEHICULOS,8,B.693-802,90,0.0624,0,0,0,0.9376,0,0
VEHICULOS,8,B.693-802,120,0,0,0.0914,0.3676,0,0.541,0
VEHICULOS,8,B.693-802,150,0,0,0,0,0,0,1
VEHICULOS,8,B.693-802,180,0,0,0,0,0,0,1
VEHICULOS,8,C.803-849,0,0.9893,0.0107,0,0,0,0,0
VEHICULOS,8,C.803-849,30,0.3673,0.1761,0.4566,0,0,0,0
VEHICULOS,8,C.803-849,60,0.3076,0.1975,0,0.4948,0,0,0
VEHICULOS,8,C.803-849,90,0.1909,0.4792,0,0,0.3299,0,0
VEHICULOS,8,C.803-849,120,0.1073,0,0,0,0,0.8927,0
VEHICULOS,8,C.803-849,150,0,0,0,0,0,0,1
VEHICULOS,8,C.803-849,180,0,0,0,0,0,0,1
VEHICULOS,8,D.850-889,0,0.994,0.006,0,0,0,0,0
VEHICULOS,8,D.850-889,30,0.547,0.2373,0.2157,0,0,0,0
VEHICULOS,8,D.850-889,60,0.4045,0.043,0,0.5526,0,0,0
VEHICULOS,8,D.850-889,90,0.1799,0,0,0.1832,0.6368,0,0
VEHICULOS,8,D.850-889,120,0,0,0,0,0,1,0
VEHICULOS,8,D.850-889,150,0,0,0,0,0,0,1
VEHICULOS,8,D.850-889,180,0,0,0,0,0,0,1
VEHICULOS,8,E.>889,0,0.9951,0.0049,0,0,0,0,0
VEHICULOS,8,E.>889,30,0.3677,0.2877,0.3446,0,0,0,0
VEHICULOS,8,E.>889,60,0.174968143,0.110696034,0.180313676,0.534022147,0,0,0
VEHICULOS,8,E.>889,90,0.040283008,0.035327106,0.148803863,0.104519544,0.67106829,0,0
VEHICULOS,8,E.>889,120,0.061265689,0.021680717,0.022087948,0.083907054,0.13682276,0.674235832,0
VEHICULOS,8,E.>889,150,0.027473574,0.014376116,0,0.060778827,0.04679383,0.039543093,0.81102453
VEHICULOS,8,E.>889,180,0.020818555,0,0,0.004719716,0.003443759,0,0.971017969
VEHICULOS,8,NOINFO,0,0.9621,0.0379,0,0,0,0,0
VEHICULOS,8,NOINFO,30,0.196,0.0546,0.7494,0,0,0,0
VEHICULOS,8,NOINFO,60,0,0,0,1,0,0,0
VEHICULOS,8,NOINFO,90,0,0,0,0,1,0,0
VEHICULOS,8,NOINFO,120,0,0,0,0,0,1,0
VEHICULOS,8,NOINFO,150,0,0,0,0,0,0,1
VEHICULOS,8,NOINFO,180,0,0,0,0,0,0,1
VEHICULOS,9,GRAL,0,0.971608459,0.027637659,0.000698065,0,0,5.58E-05,0
VEHICULOS,9,GRAL,30,0.414325758,0.160399974,0.411499299,0.012805915,0,0.000969055,0
VEHICULOS,9,GRAL,60,0.232098358,0.121341132,0.1121842,0.526926539,0.007449771,0,0
VEHICULOS,9,GRAL,90,0.096276295,0.050990809,0.086479456,0.08671981,0.663072798,0.016460832,0
VEHICULOS,9,GRAL,120,0.038879062,0.014813102,0.011861257,0.094423144,0.056655233,0.783368202,0
VEHICULOS,9,GRAL,150,0.096661734,0,0.01669551,0,0.181092356,0.15090333,0.55464707
VEHICULOS,9,GRAL,180,0.063344955,0.012347314,0,0,0,0.045991046,0.878316686
VEHICULOS,9,A.<693,0,0.9431,0.056,0.0008,0,0,0,0
VEHICULOS,9,A.<693,30,0.3859,0.1043,0.454,0.0558,0,0,0
VEHICULOS,9,A.<693,60,0.3819,0.0721,0,0.546,0,0,0
VEHICULOS,9,A.<693,90,0.1996,0.1262,0.0375,0.0239,0.6129,0,0
VEHICULOS,9,A.<693,120,0.0951,0,0,0,0.0631,0.8418,0
VEHICULOS,9,A.<693,150,0,0,0,0,0.0339,0,0.9661
VEHICULOS,9,A.<693,180,0,0,0,0,0,0,1
VEHICULOS,9,B.693-802,0,0.9772,0.0219,0.0009,0,0,0,0
VEHICULOS,9,B.693-802,30,0.4862,0.1077,0.4061,0,0,0,0
VEHICULOS,9,B.693-802,60,0.4079,0.1897,0.0653,0.3371,0,0,0
VEHICULOS,9,B.693-802,90,0,0,0.0632,0.1446,0.7922,0,0
VEHICULOS,9,B.693-802,120,0,0,0,0,0,1,0
VEHICULOS,9,B.693-802,150,0,0,0,0,0.1486,0,0.8514
VEHICULOS,9,B.693-802,180,0,0,0,0,0,0,1
VEHICULOS,9,C.803-849,0,0.9822,0.0173,0.0005,0,0,0,0
VEHICULOS,9,C.803-849,30,0.5363,0.0193,0.4444,0,0,0,0
VEHICULOS,9,C.803-849,60,0.0549,0.3253,0,0.6198,0,0,0
VEHICULOS,9,C.803-849,90,0,0,0.1413,0.1581,0.7006,0,0
VEHICULOS,9,C.803-849,120,0,0,0,0,0,1,0
VEHICULOS,9,C.803-849,150,0,0,0,0,0,0,1
VEHICULOS,9,C.803-849,180,0.0634,0,0,0,0,0,0.9366
VEHICULOS,9,D.850-889,0,0.9957,0.0043,0,0,0,0,0
VEHICULOS,9,D.850-889,30,0.2659,0.301,0.4331,0,0,0,0
VEHICULOS,9,D.850-889,60,0,0,0,1,0,0,0
VEHICULOS,9,D.850-889,90,0.1834,0.0901,0,0,0.7265,0,0
VEHICULOS,9,D.850-889,120,0,0,0,0,0,1,0
VEHICULOS,9,D.850-889,150,0,0,0,0,0,0,1
VEHICULOS,9,D.850-889,180,0,0,0,0,0,0,1
VEHICULOS,9,E.>889,0,0.9971,0.0029,0,0,0,0,0
VEHICULOS,9,E.>889,30,0.144,0.4704,0.3857,0,0,0,0
VEHICULOS,9,E.>889,60,0.174968143,0.110696034,0.180313676,0.534022147,0,0,0
VEHICULOS,9,E.>889,90,0.040283008,0.035327106,0.148803863,0.104519544,0.67106829,0,0
VEHICULOS,9,E.>889,120,0.061265689,0.021680717,0.022087948,0.083907054,0.13682276,0.674235832,0
VEHICULOS,9,E.>889,150,0.027473574,0.014376116,0,0.060778827,0.04679383,0.039543093,0.81102453
VEHICULOS,9,E.>889,180,0.020818555,0,0,0.004719716,0.003443759,0,0.971017969
VEHICULOS,9,NOINFO,0,0.9851,0.0149,0,0,0,0,0
VEHICULOS,9,NOINFO,30,0.1977,0.1618,0.6405,0,0,0,0
VEHICULOS,9,NOINFO,60,0,0.4083,0,0.5917,0,0,0
VEHICULOS,9,NOINFO,90,0,0,1,0,0,0,0
VEHICULOS,9,NOINFO,120,0,0,0,0,0,1,0
VEHICULOS,9,NOINFO,150,0,0,0,0,0,0,1
VEHICULOS,9,NOINFO,180,0,0,0,0,0,0,1
VEHICULOS,10,GRAL,0,0.97370376,0.02605504,0,0.000241179,0,0,0
VEHICULOS,10,GRAL,30,0.364297404,0.198007396,0.4376952,0,0,0,0
VEHICULOS,10,GRAL,60,0.173782568,0.153024249,0.073542219,0.599649815,0,0,0
VEHICULOS,10,GRAL,90,0.143451857,0.042743341,0.110374688,0.048244644,0.65518547,0,0
VEHICULOS,10,GRAL,120,0.079268511,0.016696501,0.019052669,0.125470935,0.046367873,0.713141518,0
VEHICULOS,10,GRAL,150,0.008009175,0.008831797,0,0.005401973,0.041720593,0.036163206,0.899873257
VEHICULOS,10,GRAL,180,0.015701327,0.005521937,0,0,0.004562319,0,0.974218553
VEHICULOS,10,A.<693,0,0.9331,0.0669,0,0,0,0,0
VEHICULOS,10,A.<693,30,0.301,0.1304,0.5685,0,0,0,0
VEHICULOS,10,A.<693,60,0.1217,0.0709,0.0343,0.7732,0,0,0
VEHICULOS,10,A.<693,90,0.1853,0,0.0359,0,0.7788,0,0
VEHICULOS,10,A.<693,120,0.062,0,0.0262,0.0228,0,0.889,0
VEHICULOS,10,A.<693,150,0,0,0,0,0,0,1
VEHICULOS,10,A.<693,180,0,0,0,0,0,0,1
VEHICULOS,10,B.693-802,0,0.978,0.022,0,0,0,0,0
VEHICULOS,10,B.693-802,30,0.4028,0.2256,0.3716,0,0,0,0
VEHICULOS,10,B.693-802,60,0.4481,0.105,0,0.4469,0,0,0
VEHICULOS,10,B.693-802,90,0.0005,0.2113,0,0.1429,0.6453,0,0
VEHICULOS,10,B.693-802,120,0,0,0,0.5071,0,0.4929,0
VEHICULOS,10,B.693-802,150,0,0,0,0,0.1071,0,0.8929
VEHICULOS,10,B.693-802,180,0,0,0,0,0,0,1
VEHICULOS,10,C.803-849,0,0.9904,0.0096,0,0,0,0,0
VEHICULOS,10,C.803-849,30,0.4397,0.1233,0.437,0,0,0,0
VEHICULOS,10,C.803-849,60,0,0.284,0,0.716,0,0,0
VEHICULOS,10,C.803-849,90,0.4609,0,0,0,0.5391,0,0
VEHICULOS,10,C.803-849,120,0.4237,0,0,0,0,0.5763,0
VEHICULOS,10,C.803-849,150,0,0,0,0,0,0,1
VEHICULOS,10,C.803-849,180,0,0,0,0,0,0,1
VEHICULOS,10,D.850-889,0,0.9942,0.0058,0,0,0,0,0
VEHICULOS,10,D.850-889,30,0.2725,0.1999,0.5276,0,0,0,0
VEHICULOS,10,D.850-889,60,0.368,0.2109,0,0.4211,0,0,0
VEHICULOS,10,D.850-889,90,0,0,1,0,0,0,0
VEHICULOS,10,D.850-889,120,0.0209,0,0,0,0,0.9791,0
VEHICULOS,10,D.850-889,150,0,0,0,0,0,0,1
VEHICULOS,10,D.850-889,180,0,0,0,0,0,0,1
VEHICULOS,10,E.>889,0,0.999,0.001,0,0,0,0,0
VEHICULOS,10,E.>889,30,0.726,0,0.274,0,0,0,0
VEHICULOS,10,E.>889,60,0.174968143,0.110696034,0.180313676,0.534022147,0,0,0
VEHICULOS,10,E.>889,90,0.040283008,0.035327106,0.148803863,0.104519544,0.67106829,0,0
VEHICULOS,10,E.>889,120,0.061265689,0.021680717,0.022087948,0.083907054,0.13682276,0.674235832,0
VEHICULOS,10,E.>889,150,0.027473574,0.014376116,0,0.060778827,0.04679383,0.039543093,0.81102453
VEHICULOS,10,E.>889,180,0.020818555,0,0,0.004719716,0.003443759,0,0.971017969
VEHICULOS,10,NOINFO,0,0.9843,0.0157,0,0,0,0,0
VEHICULOS,10,NOINFO,30,0.3865,0.42,0.1935,0,0,0,0
VEHICULOS,10,NOINFO,60,0,0,0,1,0,0,0
VEHICULOS,10,NOINFO,90,0,0,0,0,1,0,0
VEHICULOS,10,NOINFO,120,0,0,0,0,0,0,1
VEHICULOS,10,NOINFO,150,0,0,0,0,0,0,1
VEHICULOS,10,NOINFO,180,0,0,0,0,0,0,1
VEHICULOS,11,GRAL,0,0.976302866,0.023017175,0.000679979,0,0,0,0
VEHICULOS,11,GRAL,30,0.48283836,0.104509947,0.402540606,0.010111087,0,0,0
VEHICULOS,11,GRAL,60,0.166351465,0.138446848,0.109441723,0.577160501,0.008600619,0,0
VEHICULOS,11,GRAL,90,0.099869459,0.030794784,0.097819985,0.080476005,0.670600998,0.020440415,0
VEHICULOS,11,GRAL,120,0.070241199,0.001048692,0.010782768,0.066043791,0.044874487,0.797436121,0.009572942
VEHICULOS,11,GRAL,150,0.040875904,0,0.019534874,0.022009473,0.071482359,0.052705962,0.7933887
VEHICULOS,11,GRAL,180,0.009636949,0,0,0,0,0.007721868,0.982641183
VEHICULOS,11,A.<693,0,0.9299,0.0688,0.0013,0,0,0,0
VEHICULOS,11,A.<693,30,0.437,0.0377,0.4957,0.0296,0,0,0
VEHICULOS,11,A.<693,60,0.1056,0.0839,0.0278,0.7827,0,0,0
VEHICULOS,11,A.<693,90,0.0261,0.0999,0.1006,0,0.7613,0.012,0
VEHICULOS,11,A.<693,120,0.1798,0,0,0,0,0.8202,0
VEHICULOS,11,A.<693,150,0.0501,0,0,0,0.1518,0,0.7981
VEHICULOS,11,A.<693,180,0,0,0,0,0,0,1
VEHICULOS,11,B.693-802,0,0.9823,0.0168,0.0009,0,0,0,0
VEHICULOS,11,B.693-802,30,0.6251,0.0406,0.3344,0,0,0,0
VEHICULOS,11,B.693-802,60,0.1756,0.0809,0.0848,0.5877,0.071,0,0
VEHICULOS,11,B.693-802,90,0.0763,0,0.1929,0.0529,0.6779,0,0
VEHICULOS,11,B.693-802,120,0.0913,0,0,0.1592,0,0.7496,0
VEHICULOS,11,B.693-802,150,0,0,0.2959,0,0,0,0.7041
VEHICULOS,11,B.693-802,180,0,0,0,0,0,0,1
VEHICULOS,11,C.803-849,0,0.9945,0.0055,0,0,0,0,0
VEHICULOS,11,C.803-849,30,0.4748,0.1241,0.4011,0,0,0,0
VEHICULOS,11,C.803-849,60,0,0.0339,0.0553,0.8994,0.0114,0,0
VEHICULOS,11,C.803-849,90,0.6393,0,0,0,0.3607,0,0
VEHICULOS,11,C.803-849,120,0,0,0,0,0,1,0
VEHICULOS,11,C.803-849,150,0,0,0,1,0,0,0
VEHICULOS,11,C.803-849,180,0,0,0,0,0,0,1
VEHICULOS,11,D.850-889,0,0.9963,0.0037,0,0,0,0,0
VEHICULOS,11,D.850-889,30,0.4686,0.1422,0.3891,0,0,0,0
VEHICULOS,11,D.850-889,60,0,0.1369,0,0.8631,0,0,0
VEHICULOS,11,D.850-889,90,0,0,0.5284,0.4716,0,0,0
VEHICULOS,11,D.850-889,120,0,0,0,0,0,1,0
VEHICULOS,11,D.850-889,150,0,0,0,0,0,0,1
VEHICULOS,11,D.850-889,180,0,0,0,0,0,0,1
VEHICULOS,11,E.>889,0,0.9954,0.0046,0,0,0,0,0
VEHICULOS,11,E.>889,30,1,0,0,0,0,0,0
VEHICULOS,11,E.>889,60,0.174968143,0.110696034,0.180313676,0.534022147,0,0,0
VEHICULOS,11,E.>889,90,0.040283008,0.035327106,0.148803863,0.104519544,0.67106829,0,0
VEHICULOS,11,E.>889,120,0.061265689,0.021680717,0.022087948,0.083907054,0.13682276,0.674235832,0
VEHICULOS,11,E.>889,150,0.027473574,0.014376116,0,0.060778827,0.04679383,0.039543093,0.81102453
VEHICULOS,11,E.>889,180,0.020818555,0,0,0.004719716,0.003443759,0,0.971017969
VEHICULOS,11,NOINFO,0,0.988,0.012,0,0,0,0,0
VEHICULOS,11,NOINFO,30,0.616,0.384,0,0,0,0,0
VEHICULOS,11,NOINFO,60,0.7294,0,0,0.2706,0,0,0
VEHICULOS,11,NOINFO,90,0,0.0456,0.126,0,0.7101,0.1183,0
VEHICULOS,11,NOINFO,120,0,0,0,0,0,1,0
VEHICULOS,11,NOINFO,150,0,0,0,0,0,0,1
VEHICULOS,11,NOINFO,180,0,0,0,0,0,0,1
VEHICULOS,12,GRAL,0,0.968046798,0.030795735,0.001157467,0,0,0,0
VEHICULOS,12,GRAL,30,0.305076159,0.153406481,0.539974432,0.001542928,0,0,0
VEHICULOS,12,GRAL,60,0.1143042,0.134229104,0.164287554,0.583693604,0.003485537,0,0
VEHICULOS,12,GRAL,90,0.069957637,0.027918599,0.153506488,0.067989002,0.678649328,0.001978946,0
VEHICULOS,12,GRAL,120,0.035190918,0.016537281,0.006456026,0.06883503,0.072378907,0.780066341,0.020535498
VEHICULOS,12,GRAL,150,0.040111797,0.014422338,0.017305825,0.005097566,0.018196858,0.012533256,0.89233236
VEHICULOS,12,GRAL,180,0.035352833,0,0.002183226,0.000636572,0.008279323,0.003620516,0.94992753
VEHICULOS,12,A.<693,0,0.9147,0.0811,0.0042,0,0,0,0
VEHICULOS,12,A.<693,30,0.3287,0.0654,0.6058,0,0,0,0
VEHICULOS,12,A.<693,60,0.1054,0.0908,0.14,0.6638,0,0,0
VEHICULOS,12,A.<693,90,0.0936,0.0257,0.1649,0.0179,0.6893,0.0086,0
VEHICULOS,12,A.<693,120,0.0328,0,0,0.0852,0.017,0.865,0
VEHICULOS,12,A.<693,150,0,0,0,0,0,0,1
VEHICULOS,12,A.<693,180,0.0136,0,0,0,0,0,0.9864
VEHICULOS,12,B.693-802,0,0.98,0.0194,0.0006,0,0,0,0
VEHICULOS,12,B.693-802,30,0.4634,0.0474,0.4892,0,0,0,0
VEHICULOS,12,B.693-802,60,0.0648,0.2762,0.2056,0.4534,0,0,0
VEHICULOS,12,B.693-802,90,0.1014,0,0,0.1597,0.7389,0,0
VEHICULOS,12,B.693-802,120,0,0.0625,0,0,0.1604,0.7771,0
VEHICULOS,12,B.693-802,150,0,0,0,0,0,0,1
VEHICULOS,12,B.693-802,180,0.0085,0,0.0212,0,0,0,0.9703
VEHICULOS,12,C.803-849,0,0.9921,0.0065,0.0013,0,0,0,0
VEHICULOS,12,C.803-849,30,0.204,0,0.796,0,0,0,0
VEHICULOS,12,C.803-849,60,0.1226,0.1263,0.2004,0.4467,0.104,0,0
VEHICULOS,12,C.803-849,90,0,0,0.251,0,0.749,0,0
VEHICULOS,12,C.803-849,120,0.2688,0,0,0,0,0.7312,0
VEHICULOS,12,C.803-849,150,0,0,0,0,0,0,1
VEHICULOS,12,C.803-849,180,0,0,0,0,0,0,1
VEHICULOS,12,D.850-889,0,0.9972,0.0028,0,0,0,0,0
VEHICULOS,12,D.850-889,30,0.3839,0.0465,0.5696,0,0,0,0
VEHICULOS,12,D.850-889,60,0.1613,0,0,0.8387,0,0,0
VEHICULOS,12,D.850-889,90,0,0,0,0.1409,0.8591,0,0
VEHICULOS,12,D.850-889,120,0,0,0,0,0,1,0
VEHICULOS,12,D.850-889,150,0,0,0,0,0,0,1
VEHICULOS,12,D.850-889,180,0,0,0,0,0,0,1
VEHICULOS,12,E.>889,0,0.9972,0.0028,0,0,0,0,0
VEHICULOS,12,E.>889,30,0.6994,0.1945,0.106,0,0,0,0
VEHICULOS,12,E.>889,60,0.174968143,0.110696034,0.180313676,0.534022147,0,0,0
VEHICULOS,12,E.>889,90,0.040283008,0.035327106,0.148803863,0.104519544,0.67106829,0,0
VEHICULOS,12,E.>889,120,0.061265689,0.021680717,0.022087948,0.083907054,0.13682276,0.674235832,0
VEHICULOS,12,E.>889,150,0.027473574,0.014376116,0,0.060778827,0.04679383,0.039543093,0.81102453
VEHICULOS,12,E.>889,180,0.020818555,0,0,0.004719716,0.003443759,0,0.971017969
VEHICULOS,12,NOINFO,0,0.9678,0.0322,0,0,0,0,0
VEHICULOS,12,NOINFO,30,0.3693,0.1351,0.4956,0,0,0,0
VEHICULOS,12,NOINFO,60,0,0,0,1,0,0,0
VEHICULOS,12,NOINFO,90,0,0,0,0,1,0,0
VEHICULOS,12,NOINFO,120,0,0,0,0,0,1,0
VEHICULOS,12,NOINFO,150,0,0,0,0,0,0,1
VEHICULOS,12,NOINFO,180,0,0,0,0,0,0,1
VEHICULOS,1,GRAL,0,0.969278478,0.030721542,0,0,0,0,0
VEHICULOS,1,GRAL,30,0.432931406,0.143625041,0.419497205,0.003946883,0,0,0
VEHICULOS,1,GRAL,60,0.174968143,0.110696034,0.180313676,0.534022147,0,0,0
VEHICULOS,1,GRAL,90,0.040283008,0.035327106,0.148803863,0.104519544,0.67106829,0,0
VEHICULOS,1,GRAL,120,0.061265689,0.021680717,0.022087948,0.083907054,0.13682276,0.674235832,0
VEHICULOS,1,GRAL,150,0.027473574,0.014376116,0,0.060778827,0.04679383,0.039543093,0.81102453
VEHICULOS,1,GRAL,180,0.020818555,0,0,0.004719716,0.003443759,0,0.971017969
VEHICULOS,1,A.<693,0,0.9384,0.0616,0,0,0,0,0
VEHICULOS,1,A.<693,30,0.3757,0.0592,0.5651,0,0,0,0
VEHICULOS,1,A.<693,60,0.0987,0.0693,0.1999,0.6321,0,0,0
VEHICULOS,1,A.<693,90,0.0196,0.0322,0.1871,0.0409,0.7201,0,0
VEHICULOS,1,A.<693,120,0.0149,0,0.025,0.0944,0.0718,0.7939,0
VEHICULOS,1,A.<693,150,0,0,0,0,0,0,1
VEHICULOS,1,A.<693,180,0.0148,0,0,0,0,0,0.9852
VEHICULOS,1,B.693-802,0,0.9877,0.0123,0,0,0,0,0
VEHICULOS,1,B.693-802,30,0.566,0.0802,0.2476,0.1061,0,0,0
VEHICULOS,1,B.693-802,60,0.174968143,0.110696034,0.180313676,0.534022147,0,0,0
VEHICULOS,1,B.693-802,90,0,0,0,0,1,0,0
VEHICULOS,1,B.693-802,120,0,0,0,0,0,1,0
VEHICULOS,1,B.693-802,150,0.027473574,0.014376116,0,0.060778827,0.04679383,0.039543093,0.81102453
VEHICULOS,1,B.693-802,180,0,0,0,0,0,0,1
VEHICULOS,1,C.803-849,0,0.9918,0.0082,0,0,0,0,0
VEHICULOS,1,C.803-849,30,0.2997,0.3116,0.3886,0,0,0,0
VEHICULOS,1,C.803-849,60,0,0,0,1,0,0,0
VEHICULOS,1,C.803-849,90,0.040283008,0.035327106,0.148803863,0.104519544,0.67106829,0,0
VEHICULOS,1,C.803-849,120,0.061265689,0.021680717,0.022087948,0.083907054,0.13682276,0.674235832,0
VEHICULOS,1,C.803-849,150,0.027473574,0.014376116,0,0.060778827,0.04679383,0.039543093,0.81102453
VEHICULOS,1,C.803-849,180,0,0,0,0,0,0,1
VEHICULOS,1,D.850-889,0,0.9998,0.0002,0,0,0,0,0
VEHICULOS,1,D.850-889,30,0,0,1,0,0,0,0
VEHICULOS,1,D.850-889,60,0,0,0,1,0,0,0
VEHICULOS,1,D.850-889,90,0.040283008,0.035327106,0.148803863,0.104519544,0.67106829,0,0
VEHICULOS,1,D.850-889,120,0.061265689,0.021680717,0.022087948,0.083907054,0.13682276,0.674235832,0
VEHICULOS,1,D.850-889,150,0.027473574,0.014376116,0,0.060778827,0.04679383,0.039543093,0.81102453
VEHICULOS,1,D.850-889,180,0.020818555,0,0,0.004719716,0.003443759,0,0.971017969
VEHICULOS,1,E.>889,0,0.997,0.003,0,0,0,0,0
VEHICULOS,1,E.>889,30,0.432931406,0.143625041,0.419497205,0.003946883,0,0,0
VEHICULOS,1,E.>889,60,0.174968143,0.110696034,0.180313676,0.534022147,0,0,0
VEHICULOS,1,E.>889,90,0.040283008,0.035327106,0.148803863,0.104519544,0.67106829,0,0
VEHICULOS,1,E.>889,120,0.061265689,0.021680717,0.022087948,0.083907054,0.13682276,0.674235832,0
VEHICULOS,1,E.>889,150,0.027473574,0.014376116,0,0.060778827,0.04679383,0.039543093,0.81102453
VEHICULOS,1,E.>889,180,0.020818555,0,0,0.004719716,0.003443759,0,0.971017969
VEHICULOS,1,NOINFO,0,0.9779,0.0221,0,0,0,0,0
VEHICULOS,1,NOINFO,30,1,0,0,0,0,0,0
VEHICULOS,1,NOINFO,60,0.174968143,0.110696034,0.180313676,0.534022147,0,0,0
VEHICULOS,1,NOINFO,90,0.040283008,0.035327106,0.148803863,0.104519544,0.67106829,0,0
VEHICULOS,1,NOINFO,120,0.061265689,0.021680717,0.022087948,0.083907054,0.13682276,0.674235832,0
VEHICULOS,1,NOINFO,150,0,0,0,0,0,0,1
VEHICULOS,1,NOINFO,180,0,0,0,0,0,0,1
VEHICULOS,2,GRAL,0,0.976824001,0.021584579,0.001430915,0.000160485,0,0,0
VEHICULOS,2,GRAL,30,0.41804513,0.153131485,0.409213762,0.019609086,0,0,0
VEHICULOS,2,GRAL,60,0.153024031,0.099424757,0.1497758,0.556165801,0.0416106,0,0
VEHICULOS,2,GRAL,90,0.03501113,0.023687591,0.092791462,0.05251588,0.759414706,0.03657923,0
VEHICULOS,2,GRAL,120,0.038643183,0.006681629,0.002480911,0.065423365,0.049532847,0.756114459,0.081123606
VEHICULOS,2,GRAL,150,0.007564737,0,0,0,0.037602776,0.022618778,0.932208321
VEHICULOS,2,GRAL,180,0.008190379,0.012711932,0,0,0,0.004161211,0.974937711
VEHICULOS,2,A.<693,0,0.9516,0.0424,0.0048,0.0012,0,0,0
VEHICULOS,2,A.<693,30,0.4648,0.084,0.4511,0,0,0,0
VEHICULOS,2,A.<693,60,0.0889,0.0422,0.1209,0.688,0.0599,0,0
VEHICULOS,2,A.<693,90,0.0195,0,0.1773,0,0.8033,0,0
VEHICULOS,2,A.<693,120,0,0,0,0.0141,0,0.9123,0.0736
VEHICULOS,2,A.<693,150,0,0,0,0,0,0,1
VEHICULOS,2,A.<693,180,0,0,0,0,0,0,1
VEHICULOS,2,B.693-802,0,0.9861,0.0122,0.0017,0,0,0,0
VEHICULOS,2,B.693-802,30,0.4129,0.0832,0.4225,0.0815,0,0,0
VEHICULOS,2,B.693-802,60,0,0.1745,0,0.8255,0,0,0
VEHICULOS,2,B.693-802,90,1,0,0,0,0,0,0
VEHICULOS,2,B.693-802,120,0,0,0,0,0,1,0
VEHICULOS,2,B.693-802,150,0,0,0,0,0,0,1
VEHICULOS,2,B.693-802,180,0,0,0,0,0,0,1
VEHICULOS,2,C.803-849,0,0.9974,0.0018,0.0008,0,0,0,0
VEHICULOS,2,C.803-849,30,0.6942,0.0495,0.2563,0,0,0,0
VEHICULOS,2,C.803-849,60,0,0,0,1,0,0,0
VEHICULOS,2,C.803-849,90,0,0,0,0,1,0,0
VEHICULOS,2,C.803-849,120,0.038643183,0.006681629,0.002480911,0.065423365,0.049532847,0.756114459,0.081123606
VEHICULOS,2,C.803-849,150,0.007564737,0,0,0,0.037602776,0.022618778,0.932208321
VEHICULOS,2,C.803-849,180,0,0,0,0,0,0,1
VEHICULOS,2,D.850-889,0,0.9946,0.0054,0,0,0,0,0
VEHICULOS,2,D.850-889,30,0.3063,0,0.6937,0,0,0,0
VEHICULOS,2,D.850-889,60,0,0,0,1,0,0,0
VEHICULOS,2,D.850-889,90,0,0,0,0,1,0,0
VEHICULOS,2,D.850-889,120,0.038643183,0.006681629,0.002480911,0.065423365,0.049532847,0.756114459,0.081123606
VEHICULOS,2,D.850-889,150,0.007564737,0,0,0,0.037602776,0.022618778,0.932208321
VEHICULOS,2,D.850-889,180,0.008190379,0.012711932,0,0,0,0.004161211,0.974937711
VEHICULOS,2,E.>889,0,0.9981,0.0019,0,0,0,0,0
VEHICULOS,2,E.>889,30,0,0,1,0,0,0,0
VEHICULOS,2,E.>889,60,0.153024031,0.099424757,0.1497758,0.556165801,0.0416106,0,0
VEHICULOS,2,E.>889,90,0.03501113,0.023687591,0.092791462,0.05251588,0.759414706,0.03657923,0
VEHICULOS,2,E.>889,120,0.038643183,0.006681629,0.002480911,0.065423365,0.049532847,0.756114459,0.081123606
VEHICULOS,2,E.>889,150,0.007564737,0,0,0,0.037602776,0.022618778,0.932208321
VEHICULOS,2,E.>889,180,0.008190379,0.012711932,0,0,0,0.004161211,0.974937711
VEHICULOS,2,NOINFO,0,1,0,0,0,0,0,0
VEHICULOS,2,NOINFO,30,1,0,0,0,0,0,0
VEHICULOS,2,NOINFO,60,0.153024031,0.099424757,0.1497758,0.556165801,0.0416106,0,0
VEHICULOS,2,NOINFO,90,0.03501113,0.023687591,0.092791462,0.05251588,0.759414706,0.03657923,0
VEHICULOS,2,NOINFO,120,0.038643183,0.006681629,0.002480911,0.065423365,0.049532847,0.756114459,0.081123606
VEHICULOS,2,NOINFO,150,0.007564737,0,0,0,0.037602776,0.022618778,0.932208321
VEHICULOS,2,NOINFO,180,0,0,0,0,0,0,1
VEHICULOS,3,GRAL,0,0.981973566,0.017703589,0.00024493,0,0,7.79E-05,0
VEHICULOS,3,GRAL,30,0.415503798,0.089733248,0.493842851,0,0.000920103,0,0
VEHICULOS,3,GRAL,60,0.168145523,0.144448959,0.097750943,0.58945839,0,0.000196185,0
VEHICULOS,3,GRAL,90,0.069595376,0.057593834,0.079190751,0.030376879,0.76324316,0,0
VEHICULOS,3,GRAL,120,0.018109845,0.010287238,0.006912299,0.048999889,0.069100325,0.846592293,0
VEHICULOS,3,GRAL,150,0.027220317,0,0.018086064,0.005014109,0.032891216,0.017842808,0.898945486
VEHICULOS,3,GRAL,180,0.014541415,0,0,0,0.003705689,0.003748814,0.978004083
VEHICULOS,3,A.<693,0,0.912573909,0.020965174,0.015380587,0.011272053,0.009654361,0.008143992,0.022009924
VEHICULOS,3,A.<693,30,0.3968,0.1055,0.4977,0,0,0,0
VEHICULOS,3,A.<693,60,0.1817,0.1139,0.041,0.6634,0,0,0
VEHICULOS,3,A.<693,90,0.045,0.0481,0.074,0.0258,0.8071,0,0
VEHICULOS,3,A.<693,120,0,0.011,0,0.0321,0.0537,0.9033,0
VEHICULOS,3,A.<693,150,0.0462,0,0.05,0,0,0,0.9038
VEHICULOS,3,A.<693,180,0.018,0,0,0,0,0,0.982
VEHICULOS,3,B.693-802,0,0.9856,0.0144,0,0,0,0,0
VEHICULOS,3,B.693-802,30,0.3642,0.0387,0.5971,0,0,0,0
VEHICULOS,3,B.693-802,60,0.1256,0.1638,0,0.7106,0,0,0
VEHICULOS,3,B.693-802,90,0,0,0,0,1,0,0
VEHICULOS,3,B.693-802,120,0.018109845,0.010287238,0.006912299,0.048999889,0.069100325,0.846592293,0
VEHICULOS,3,B.693-802,150,0,0,0,0,0,0,1
VEHICULOS,3,B.693-802,180,0,0,0,0,0,0,1
VEHICULOS,3,C.803-849,0,0.9936,0.0064,0,0,0,0,0
VEHICULOS,3,C.803-849,30,0.5925,0,0.4075,0,0,0,0
VEHICULOS,3,C.803-849,60,0.5928,0,0,0.4072,0,0,0
VEHICULOS,3,C.803-849,90,0,0,0,0,1,0,0
VEHICULOS,3,C.803-849,120,0,0,0,0,0,1,0
VEHICULOS,3,C.803-849,150,0.027220317,0,0.018086064,0.005014109,0.032891216,0.017842808,0.898945486
VEHICULOS,3,C.803-849,180,0,0,0,0,0,0,1
VEHICULOS,3,D.850-889,0,0.9996,0.0004,0,0,0,0,0
VEHICULOS,3,D.850-889,30,0.6126,0,0.3874,0,0,0,0
VEHICULOS,3,D.850-889,60,0.168145523,0.144448959,0.097750943,0.58945839,0,0.000196185,0
VEHICULOS,3,D.850-889,90,0,0,0,0,1,0,0
VEHICULOS,3,D.850-889,120,0,0,0,0,0,1,0
VEHICULOS,3,D.850-889,150,0.027220317,0,0.018086064,0.005014109,0.032891216,0.017842808,0.898945486
VEHICULOS,3,D.850-889,180,0.014541415,0,0,0,0.003705689,0.003748814,0.978004083
VEHICULOS,3,E.>889,0,0.9992,0.0008,0,0,0,0,0
VEHICULOS,3,E.>889,30,0,0.4971,0.5029,0,0,0,0
VEHICULOS,3,E.>889,60,1,0,0,0,0,0,0
VEHICULOS,3,E.>889,90,0.069595376,0.057593834,0.079190751,0.030376879,0.76324316,0,0
VEHICULOS,3,E.>889,120,0.018109845,0.010287238,0.006912299,0.048999889,0.069100325,0.846592293,0
VEHICULOS,3,E.>889,150,0.027220317,0,0.018086064,0.005014109,0.032891216,0.017842808,0.898945486
VEHICULOS,3,E.>889,180,0.014541415,0,0,0,0.003705689,0.003748814,0.978004083
VEHICULOS,3,NOINFO,0,0.987,0.013,0,0,0,0,0
VEHICULOS,3,NOINFO,30,0.415503798,0.089733248,0.493842851,0,0.000920103,0,0
VEHICULOS,3,NOINFO,60,0.168145523,0.144448959,0.097750943,0.58945839,0,0.000196185,0
VEHICULOS,3,NOINFO,90,0.069595376,0.057593834,0.079190751,0.030376879,0.76324316,0,0
VEHICULOS,3,NOINFO,120,0.018109845,0.010287238,0.006912299,0.048999889,0.069100325,0.846592293,0
VEHICULOS,3,NOINFO,150,0.027220317,0,0.018086064,0.005014109,0.032891216,0.017842808,0.898945486
VEHICULOS,3,NOINFO,180,0,0,0,0,0,0,1
VEHICULOS,4,GRAL,0,0.94865385,0.034464255,0.016142899,0.000738996,0,0,0
VEHICULOS,4,GRAL,30,0.317649788,0.106310091,0.476072068,0.071191692,0.028777237,0,0
VEHICULOS,4,GRAL,60,0.161794922,0.116619055,0.241414267,0.435840475,0.044333647,0,0
VEHICULOS,4,GRAL,90,0.058308152,0.023467231,0.140384274,0.034789731,0.725004679,0.018044333,0
VEHICULOS,4,GRAL,120,0.035349668,0.010336304,0.040511185,0.049746189,0.058067549,0.76861691,0.037372194
VEHICULOS,4,GRAL,150,0.005309208,0.006862961,0.007330189,0.007495482,0.005190197,0.020480892,0.947333275
VEHICULOS,4,GRAL,180,0.00575075,0,0.006984071,0,0,0,0.987265179
VEHICULOS,4,A.<693,0,0.8638,0.0736,0.061,0.0016,0,0,0
VEHICULOS,4,A.<693,30,0.2886,0.018,0.4141,0.131,0.1483,0,0
VEHICULOS,4,A.<693,60,0.0736,0.0746,0.2161,0.5769,0.0587,0,0
VEHICULOS,4,A.<693,90,0.0286,0,0.1989,0.0326,0.6983,0.0417,0
VEHICULOS,4,A.<693,120,0.0492,0.0273,0.0258,0.0306,0.0296,0.7763,0.0612
VEHICULOS,4,A.<693,150,0,0,0.0215,0,0,0,0.9785
VEHICULOS,4,A.<693,180,0,0,0,0,0,0,1
VEHICULOS,4,B.693-802,0,0.965,0.022,0.0124,0.0006,0,0,0
VEHICULOS,4,B.693-802,30,0.1522,0.0538,0.6221,0.1024,0.0695,0,0
VEHICULOS,4,B.693-802,60,0,0,0.3143,0.4886,0.1971,0,0
VEHICULOS,4,B.693-802,90,0,0,0,0,1,0,0
VEHICULOS,4,B.693-802,120,0,0,0,0,0,1,0
VEHICULOS,4,B.693-802,150,0.005309208,0.006862961,0.007330189,0.007495482,0.005190197,0.020480892,0.947333275
VEHICULOS,4,B.693-802,180,0,0,0,0,0,0,1
VEHICULOS,4,C.803-849,0,0.9781,0.0146,0.0072,0,0,0,0
VEHICULOS,4,C.803-849,30,0.5367,0.1733,0.2899,0,0,0,0
VEHICULOS,4,C.803-849,60,0,0.606,0,0.394,0,0,0
VEHICULOS,4,C.803-849,90,0,0,0,0,1,0,0
VEHICULOS,4,C.803-849,120,0,0,0,0,0,1,0
VEHICULOS,4,C.803-849,150,0,0,0,0,0,0,1
VEHICULOS,4,C.803-849,180,0,0,0,0,0,0,1
VEHICULOS,4,D.850-889,0,0.9888,0.0093,0.0018,0,0,0,0
VEHICULOS,4,D.850-889,30,1,0,0,0,0,0,0
VEHICULOS,4,D.850-889,60,0,0.644,0.356,0,0,0,0
VEHICULOS,4,D.850-889,90,0.058308152,0.023467231,0.140384274,0.034789731,0.725004679,0.018044333,0
VEHICULOS,4,D.850-889,120,0,0,0,0,0,1,0
VEHICULOS,4,D.850-889,150,0,0,0,0,0,0,1
VEHICULOS,4,D.850-889,180,0.00575075,0,0.006984071,0,0,0,0.987265179
VEHICULOS,4,E.>889,0,0.9945,0.0047,0.0007,0,0,0,0
VEHICULOS,4,E.>889,30,0,0.52,0.48,0,0,0,0
VEHICULOS,4,E.>889,60,0.161794922,0.116619055,0.241414267,0.435840475,0.044333647,0,0
VEHICULOS,4,E.>889,90,0.058308152,0.023467231,0.140384274,0.034789731,0.725004679,0.018044333,0
VEHICULOS,4,E.>889,120,0.035349668,0.010336304,0.040511185,0.049746189,0.058067549,0.76861691,0.037372194
VEHICULOS,4,E.>889,150,0.005309208,0.006862961,0.007330189,0.007495482,0.005190197,0.020480892,0.947333275
VEHICULOS,4,E.>889,180,0.00575075,0,0.006984071,0,0,0,0.987265179
VEHICULOS,4,NOINFO,0,0.9761,0.0173,0.0066,0,0,0,0
VEHICULOS,4,NOINFO,30,0,0.5002,0.4998,0,0,0,0
VEHICULOS,4,NOINFO,60,0.161794922,0.116619055,0.241414267,0.435840475,0.044333647,0,0
VEHICULOS,4,NOINFO,90,0.058308152,0.023467231,0.140384274,0.034789731,0.725004679,0.018044333,0
VEHICULOS,4,NOINFO,120,0.035349668,0.010336304,0.040511185,0.049746189,0.058067549,0.76861691,0.037372194
VEHICULOS,4,NOINFO,150,0.005309208,0.006862961,0.007330189,0.007495482,0.005190197,0.020480892,0.947333275
VEHICULOS,4,NOINFO,180,0,0,0,0,0,0,1
VEHICULOS,5,GRAL,0,0.962984054,0.036250402,0.000473953,0.000141346,0,8.97E-05,6.05E-05
VEHICULOS,5,GRAL,30,0.34789473,0.143713447,0.50822639,0.000165433,0,0,0
VEHICULOS,5,GRAL,60,0.126466373,0.134523471,0.096088286,0.640179416,0.002742453,0,0
VEHICULOS,5,GRAL,90,0.068917801,0.032924542,0.066428469,0.083760333,0.747968856,0,0
VEHICULOS,5,GRAL,120,0.011245923,0.008051952,0.005260979,0.026880566,0.063432385,0.881313498,0.003814698
VEHICULOS,5,GRAL,150,0.006729792,0,0.005571432,0,0.016946531,0.019854801,0.950897444
VEHICULOS,5,GRAL,180,0.003653143,0,0,0.001297738,0.001705709,0.007323221,0.986020189
VEHICULOS,5,A.<693,0,0.9187,0.08,0.0006,0.0007,0,0,0
VEHICULOS,5,A.<693,30,0.2964,0.1512,0.5524,0,0,0,0
VEHICULOS,5,A.<693,60,0.0983,0.0966,0.0627,0.7423,0,0,0
VEHICULOS,5,A.<693,90,0.0768,0.0135,0.034,0.0511,0.8246,0,0
VEHICULOS,5,A.<693,120,0,0,0,0,0.0608,0.9392,0
VEHICULOS,5,A.<693,150,0,0,0.0103,0,0,0,0.9897
VEHICULOS,5,A.<693,180,0,0,0,0,0,0,1
VEHICULOS,5,B.693-802,0,0.9615,0.0378,0.0007,0,0,0,0
VEHICULOS,5,B.693-802,30,0.2957,0.0783,0.626,0,0,0,0
VEHICULOS,5,B.693-802,60,0.1252,0.119,0.1461,0.6097,0,0,0
VEHICULOS,5,B.693-802,90,0,0,0.043,0,0.957,0,0
VEHICULOS,5,B.693-802,120,0,0,0,0,0,1,0
VEHICULOS,5,B.693-802,150,0,0,0,0,0,0,1
VEHICULOS,5,B.693-802,180,0,0,0,0,0,0,1
VEHICULOS,5,C.803-849,0,0.9791,0.0204,0.0005,0,0,0,0
VEHICULOS,5,C.803-849,30,0.3391,0.0393,0.6215,0,0,0,0
VEHICULOS,5,C.803-849,60,0.208,0,0.1074,0.6846,0,0,0
VEHICULOS,5,C.803-849,90,0.068917801,0.032924542,0.066428469,0.083760333,0.747968856,0,0
VEHICULOS,5,C.803-849,120,0,0,0,0,0,1,0
VEHICULOS,5,C.803-849,150,0,0,0,0,0,0,1
VEHICULOS,5,C.803-849,180,0,0,0,0,0,0,1
VEHICULOS,5,D.850-889,0,0.9927,0.0067,0,0.0005,0,0,0
VEHICULOS,5,D.850-889,30,0.401,0,0.599,0,0,0,0
VEHICULOS,5,D.850-889,60,0.2307,0,0,0.7693,0,0,0
VEHICULOS,5,D.850-889,90,0,0,0,0,1,0,0
VEHICULOS,5,D.850-889,120,0.011245923,0.008051952,0.005260979,0.026880566,0.063432385,0.881313498,0.003814698
VEHICULOS,5,D.850-889,150,0,0,0,0,0,0,1
VEHICULOS,5,D.850-889,180,0,0,0,0,0,0,1
VEHICULOS,5,E.>889,0,0.9917,0.008,0.0003,0,0,0,0
VEHICULOS,5,E.>889,30,0.871,0,0.129,0,0,0,0
VEHICULOS,5,E.>889,60,0,0,0,1,0,0,0
VEHICULOS,5,E.>889,90,0.068917801,0.032924542,0.066428469,0.083760333,0.747968856,0,0
VEHICULOS,5,E.>889,120,0.011245923,0.008051952,0.005260979,0.026880566,0.063432385,0.881313498,0.003814698
VEHICULOS,5,E.>889,150,0.006729792,0,0.005571432,0,0.016946531,0.019854801,0.950897444
VEHICULOS,5,E.>889,180,0.003653143,0,0,0.001297738,0.001705709,0.007323221,0.986020189
VEHICULOS,5,NOINFO,0,0.9867,0.0133,0,0,0,0,0
VEHICULOS,5,NOINFO,30,0.5128,0,0.4872,0,0,0,0
VEHICULOS,5,NOINFO,60,0,0.4937,0,0.5063,0,0,0
VEHICULOS,5,NOINFO,90,0.068917801,0.032924542,0.066428469,0.083760333,0.747968856,0,0
VEHICULOS,5,NOINFO,120,0.011245923,0.008051952,0.005260979,0.026880566,0.063432385,0.881313498,0.003814698
VEHICULOS,5,NOINFO,150,0.006729792,0,0.005571432,0,0.016946531,0.019854801,0.950897444
VEHICULOS,5,NOINFO,180,0,0,0,0,0,0,1
VEHICULOS,6,GRAL,0,0.967514508,0.031096467,0.001118476,0.000270549,0,0,0
VEHICULOS,6,GRAL,30,0.381397977,0.154747709,0.443251138,0.020603176,0,0,0
VEHICULOS,6,GRAL,60,0.125131977,0.208674019,0.174886135,0.460254464,0.031053406,0,0
VEHICULOS,6,GRAL,90,0.048376156,0.029441173,0.103493385,0.090120513,0.72349528,0.005073493,0
VEHICULOS,6,GRAL,120,0.006462474,0.013075038,0.003547312,0.031067312,0.064683767,0.86929133,0.011872766
VEHICULOS,6,GRAL,150,0.012412146,0.022497803,0.009218059,0.011182395,0.005966425,0.013460322,0.92526285
VEHICULOS,6,GRAL,180,0.004454949,0,0,0.001742481,0.003806368,0.003187593,0.986808609
VEHICULOS,6,A.<693,0,0.9326,0.0657,0.0017,0,0,0,0
VEHICULOS,6,A.<693,30,0.2778,0.1847,0.5111,0.0264,0,0,0
VEHICULOS,6,A.<693,60,0.085,0.1756,0.1462,0.5818,0.0114,0,0
VEHICULOS,6,A.<693,90,0.0412,0.0417,0.0436,0.0879,0.7769,0.0087,0
VEHICULOS,6,A.<693,120,0,0.0253,0,0.0387,0.0472,0.8568,0.0321
VEHICULOS,6,A.<693,150,0,0,0,0.0233,0,0.0171,0.9596
VEHICULOS,6,A.<693,180,0,0,0,0,0,0,1
VEHICULOS,6,B.693-802,0,0.9588,0.0384,0.002,0.0008,0,0,0
VEHICULOS,6,B.693-802,30,0.5025,0.1198,0.3776,0,0,0,0
VEHICULOS,6,B.693-802,60,0.1248,0.2205,0.2407,0.2678,0.1462,0,0
VEHICULOS,6,B.693-802,90,0.0814,0,0.2124,0,0.7063,0,0
VEHICULOS,6,B.693-802,120,0,0,0,0,0,1,0
VEHICULOS,6,B.693-802,150,0.1432,0,0,0,0,0,0.8568
VEHICULOS,6,B.693-802,180,0,0,0,0,0,0,1
VEHICULOS,6,C.803-849,0,0.9862,0.0138,0,0,0,0,0
VEHICULOS,6,C.803-849,30,0.5427,0.0709,0.3478,0.0387,0,0,0
VEHICULOS,6,C.803-849,60,0.0903,0.1309,0.2145,0.5643,0,0,0
VEHICULOS,6,C.803-849,90,0,0,0.1557,0,0.8443,0,0
VEHICULOS,6,C.803-849,120,0.006462474,0.013075038,0.003547312,0.031067312,0.064683767,0.86929133,0.011872766
VEHICULOS,6,C.803-849,150,0,0,0,0,0,0,1
VEHICULOS,6,C.803-849,180,0,0,0,0,0,0,1
VEHICULOS,6,D.850-889,0,0.9938,0.0062,0,0,0,0,0
VEHICULOS,6,D.850-889,30,0.6441,0,0.3559,0,0,0,0
VEHICULOS,6,D.850-889,60,0.2741,0.1576,0,0.5683,0,0,0
VEHICULOS,6,D.850-889,90,0.2181,0,0.2856,0,0.4963,0,0
VEHICULOS,6,D.850-889,120,0,0,0,0,0,1,0
VEHICULOS,6,D.850-889,150,0.012412146,0.022497803,0.009218059,0.011182395,0.005966425,0.013460322,0.92526285
VEHICULOS,6,D.850-889,180,0,0,0,0,0,0,1
VEHICULOS,6,E.>889,0,0.9935,0.005,0,0.0016,0,0,0
VEHICULOS,6,E.>889,30,0.5711,0,0.4289,0,0,0,0
VEHICULOS,6,E.>889,60,1,0,0,0,0,0,0
VEHICULOS,6,E.>889,90,0,0,0,0,1,0,0
VEHICULOS,6,E.>889,120,0.006462474,0.013075038,0.003547312,0.031067312,0.064683767,0.86929133,0.011872766
VEHICULOS,6,E.>889,150,0.012412146,0.022497803,0.009218059,0.011182395,0.005966425,0.013460322,0.92526285
VEHICULOS,6,E.>889,180,0.004454949,0,0,0.001742481,0.003806368,0.003187593,0.986808609
VEHICULOS,6,NOINFO,0,0.9884,0.0116,0,0,0,0,0
VEHICULOS,6,NOINFO,30,0,0.6752,0.3248,0,0,0,0
VEHICULOS,6,NOINFO,60,0,0.5133,0,0.4867,0,0,0
VEHICULOS,6,NOINFO,90,0,0,0,0,1,0,0
VEHICULOS,6,NOINFO,120,0.006462474,0.013075038,0.003547312,0.031067312,0.064683767,0.86929133,0.011872766
VEHICULOS,6,NOINFO,150,0.012412146,0.022497803,0.009218059,0.011182395,0.005966425,0.013460322,0.92526285
VEHICULOS,6,NOINFO,180,0,0,0,0,0,0,1
VEHICULOS,7,GRAL,0,0.96890397,0.029347612,0.001715336,3.31E-05,0,0,0
VEHICULOS,7,GRAL,30,0.381762131,0.145701838,0.455942444,0.010317893,0.006275694,0,0
VEHICULOS,7,GRAL,60,0.145972862,0.14184363,0.14447419,0.563449348,0.00425997,0,0
VEHICULOS,7,GRAL,90,0.099074126,0.026487605,0.114370975,0.061568565,0.685862766,0.012635963,0
VEHICULOS,7,GRAL,120,0.036279187,0.013396628,0.02618768,0.071057661,0.078086211,0.7719072,0.003085433
VEHICULOS,7,GRAL,150,0.013814169,0,0.001834197,0.016387829,0.053379156,0.068536155,0.846048494
VEHICULOS,7,GRAL,180,0.004709764,0,0.001143062,0.001573576,0,0.010496865,0.982076733
VEHICULOS,7,A.<693,0,0.9383,0.0577,0.004,0,0,0,0
VEHICULOS,7,A.<693,30,0.3079,0.0894,0.554,0.0205,0.0281,0,0
VEHICULOS,7,A.<693,60,0.0881,0.1106,0.1889,0.6124,0,0,0
VEHICULOS,7,A.<693,90,0.1193,0.0253,0.17,0.0491,0.6255,0.0107,0
VEHICULOS,7,A.<693,120,0.0478,0.0116,0,0.1125,0,0.8281,0
VEHICULOS,7,A.<693,150,0,0,0,0.0509,0.0623,0.0748,0.812
VEHICULOS,7,A.<693,180,0.0034,0,0.0036,0,0,0.007,0.986
VEHICULOS,7,B.693-802,0,0.9504,0.0437,0.0059,0,0,0,0
VEHICULOS,7,B.693-802,30,0.441,0.0361,0.5228,0,0,0,0
VEHICULOS,7,B.693-802,60,0.101,0.0556,0.2637,0.5562,0.0234,0,0
VEHICULOS,7,B.693-802,90,0.2634,0,0.0841,0.3157,0.3369,0,0
VEHICULOS,7,B.693-802,120,0.0056,0,0,0,0.2865,0.708,0
VEHICULOS,7,B.693-802,150,0,0,0,0,0,0,1
VEHICULOS,7,B.693-802,180,0,0,0,0,0,0.0486,0.9514
VEHICULOS,7,C.803-849,0,0.9878,0.0122,0,0,0,0,0
VEHICULOS,7,C.803-849,30,0.3176,0.1721,0.5103,0,0,0,0
VEHICULOS,7,C.803-849,60,0.0537,0.0568,0.1255,0.7641,0,0,0
VEHICULOS,7,C.803-849,90,0.0626,0,0,0,0.7615,0.1759,0
VEHICULOS,7,C.803-849,120,0.0808,0,0,0,0,0.9192,0
VEHICULOS,7,C.803-849,150,0.013814169,0,0.001834197,0.016387829,0.053379156,0.068536155,0.846048494
VEHICULOS,7,C.803-849,180,0,0,0,0,0,0,1
VEHICULOS,7,D.850-889,0,0.9852,0.0144,0.0003,0,0,0,0
VEHICULOS,7,D.850-889,30,0.509,0.0653,0.4256,0,0,0,0
VEHICULOS,7,D.850-889,60,0.3401,0.14,0.136,0.3839,0,0,0
VEHICULOS,7,D.850-889,90,0,0,0,0.2434,0.7566,0,0
VEHICULOS,7,D.850-889,120,0,0,0,0,0,1,0
VEHICULOS,7,D.850-889,150,0,0,0,0,0,0,1
VEHICULOS,7,D.850-889,180,0,0,0,0,0,0,1
VEHICULOS,7,E.>889,0,0.9982,0.0018,0,0,0,0,0
VEHICULOS,7,E.>889,30,0.3765,0,0.4209,0.2026,0,0,0
VEHICULOS,7,E.>889,60,0.5929,0.4071,0,0,0,0,0
VEHICULOS,7,E.>889,90,1,0,0,0,0,0,0
VEHICULOS,7,E.>889,120,0,0,0,0,0.4229,0.5771,0
VEHICULOS,7,E.>889,150,0.013814169,0,0.001834197,0.016387829,0.053379156,0.068536155,0.846048494
VEHICULOS,7,E.>889,180,0.004709764,0,0.001143062,0.001573576,0,0.010496865,0.982076733
VEHICULOS,7,NOINFO,0,0.9973,0.0027,0,0,0,0,0
VEHICULOS,7,NOINFO,30,0,0.4285,0.5715,0,0,0,0
VEHICULOS,7,NOINFO,60,0,0,0,1,0,0,0
VEHICULOS,7,NOINFO,90,0,0,0,0,1,0,0
VEHICULOS,7,NOINFO,120,0,0,0,0,0,1,0
VEHICULOS,7,NOINFO,150,0.013814169,0,0.001834197,0.016387829,0.053379156,0.068536155,0.846048494
VEHICULOS,7,NOINFO,180,0,0,0,0,0,0,1
